<metadata xml:lang="en"><Esri><CreaDate>20230911</CreaDate><CreaTime>12391400</CreaTime><ArcGISFormat>1.0</ArcGISFormat><SyncOnce>FALSE</SyncOnce><DataProperties><itemProps><itemName Sync="TRUE">Elem_Zones_NAD</itemName><imsContentType Sync="TRUE">002</imsContentType><itemLocation><linkage Sync="TRUE">file://\\DCP-G-GEOWDT17\C$\Users\joseph.benjamin\OneDrive - University of Florida\GIS\street_network\Lesson1_Assignment\Zones_FC\Elem_Zones_NAD.shp</linkage><protocol Sync="TRUE">Local Area Network</protocol></itemLocation><itemSize Sync="TRUE">0.000</itemSize></itemProps><coordRef><type Sync="TRUE">Projected</type><geogcsn Sync="TRUE">GCS_North_American_1983_HARN</geogcsn><csUnits Sync="TRUE">Linear Unit: Meter (1.000000)</csUnits><projcsn Sync="TRUE">NAD_1983_HARN_Florida_GDL_Albers</projcsn><peXml Sync="TRUE">&lt;ProjectedCoordinateSystem xsi:type='typens:ProjectedCoordinateSystem' xmlns:xsi='http://www.w3.org/2001/XMLSchema-instance' xmlns:xs='http://www.w3.org/2001/XMLSchema' xmlns:typens='http://www.esri.com/schemas/ArcGIS/3.0.0'&gt;&lt;WKT&gt;PROJCS[&amp;quot;NAD_1983_HARN_Florida_GDL_Albers&amp;quot;,GEOGCS[&amp;quot;GCS_North_American_1983_HARN&amp;quot;,DATUM[&amp;quot;D_North_American_1983_HARN&amp;quot;,SPHEROID[&amp;quot;GRS_1980&amp;quot;,6378137.0,298.257222101]],PRIMEM[&amp;quot;Greenwich&amp;quot;,0.0],UNIT[&amp;quot;Degree&amp;quot;,0.0174532925199433]],PROJECTION[&amp;quot;Albers&amp;quot;],PARAMETER[&amp;quot;False_Easting&amp;quot;,400000.0],PARAMETER[&amp;quot;False_Northing&amp;quot;,0.0],PARAMETER[&amp;quot;Central_Meridian&amp;quot;,-84.0],PARAMETER[&amp;quot;Standard_Parallel_1&amp;quot;,24.0],PARAMETER[&amp;quot;Standard_Parallel_2&amp;quot;,31.5],PARAMETER[&amp;quot;Latitude_Of_Origin&amp;quot;,24.0],UNIT[&amp;quot;Meter&amp;quot;,1.0],AUTHORITY[&amp;quot;EPSG&amp;quot;,3087]]&lt;/WKT&gt;&lt;XOrigin&gt;-19550100&lt;/XOrigin&gt;&lt;YOrigin&gt;-7526400&lt;/YOrigin&gt;&lt;XYScale&gt;225743210.67916927&lt;/XYScale&gt;&lt;ZOrigin&gt;-100000&lt;/ZOrigin&gt;&lt;ZScale&gt;10000&lt;/ZScale&gt;&lt;MOrigin&gt;-100000&lt;/MOrigin&gt;&lt;MScale&gt;10000&lt;/MScale&gt;&lt;XYTolerance&gt;0.001&lt;/XYTolerance&gt;&lt;ZTolerance&gt;0.001&lt;/ZTolerance&gt;&lt;MTolerance&gt;0.001&lt;/MTolerance&gt;&lt;HighPrecision&gt;true&lt;/HighPrecision&gt;&lt;WKID&gt;3087&lt;/WKID&gt;&lt;LatestWKID&gt;3087&lt;/LatestWKID&gt;&lt;/ProjectedCoordinateSystem&gt;</peXml></coordRef><lineage><Process ToolSource="c:\program files\arcgis\pro\Resources\ArcToolbox\toolboxes\Conversion Tools.tbx\FeatureClassToFeatureClass" Date="20210406" Time="080749">FeatureClassToFeatureClass https://services1.arcgis.com/MiBZ4u97DWldovjI/ArcGIS/rest/services/schools_services/FeatureServer/1 C:\Spam\FGDB\GSAuthoritativeData.gdb ElementarySchoolZones # "code_elem "code_elem" true true false 8 Text 0 0,First,#,https://services1.arcgis.com/MiBZ4u97DWldovjI/ArcGIS/rest/services/schools_services/FeatureServer/1,code_elem,0,8;link "link" true true false 100 Text 0 0,First,#,https://services1.arcgis.com/MiBZ4u97DWldovjI/ArcGIS/rest/services/schools_services/FeatureServer/1,link,0,100;Facility "Facility" true true false 75 Text 0 0,First,#,https://services1.arcgis.com/MiBZ4u97DWldovjI/ArcGIS/rest/services/schools_services/FeatureServer/1,Facility,0,75;Address "Address" true true false 75 Text 0 0,First,#,https://services1.arcgis.com/MiBZ4u97DWldovjI/ArcGIS/rest/services/schools_services/FeatureServer/1,Address,0,75;Descrip "Descrip" true true false 50 Text 0 0,First,#,https://services1.arcgis.com/MiBZ4u97DWldovjI/ArcGIS/rest/services/schools_services/FeatureServer/1,Descrip,0,50;Shape__Area "Shape__Area" false true false 0 Double 0 0,First,#,https://services1.arcgis.com/MiBZ4u97DWldovjI/ArcGIS/rest/services/schools_services/FeatureServer/1,Shape__Area,-1,-1;Shape__Length "Shape__Length" false true false 0 Double 0 0,First,#,https://services1.arcgis.com/MiBZ4u97DWldovjI/ArcGIS/rest/services/schools_services/FeatureServer/1,Shape__Length,-1,-1" #</Process><Process ToolSource="c:\program files\arcgis\pro\Resources\ArcToolbox\toolboxes\Conversion Tools.tbx\ExportFeatures" Date="20230907" Time="120944">ExportFeatures C:\Users\joseph.benjamin\Documents\GeoPlan\GEOG489\Lesson1\Lesson1_Assignment\GIS1DataPackage.gdb\DataPackage.gdb\ElementarySchoolZones C:\Users\joseph.benjamin\Documents\GeoPlan\GEOG489\Lesson1\Lesson1_Assignment\Zones_FC\Elem_Zones.shp # NOT_USE_ALIAS "code_elem "code_elem" true true false 8 Text 0 0,First,#,C:\Users\joseph.benjamin\Documents\GeoPlan\GEOG489\Lesson1\Lesson1_Assignment\GIS1DataPackage.gdb\DataPackage.gdb\ElementarySchoolZones,code_elem,0,8;link "link" true true false 100 Text 0 0,First,#,C:\Users\joseph.benjamin\Documents\GeoPlan\GEOG489\Lesson1\Lesson1_Assignment\GIS1DataPackage.gdb\DataPackage.gdb\ElementarySchoolZones,link,0,100;Facility "Facility" true true false 75 Text 0 0,First,#,C:\Users\joseph.benjamin\Documents\GeoPlan\GEOG489\Lesson1\Lesson1_Assignment\GIS1DataPackage.gdb\DataPackage.gdb\ElementarySchoolZones,Facility,0,75;Address "Address" true true false 75 Text 0 0,First,#,C:\Users\joseph.benjamin\Documents\GeoPlan\GEOG489\Lesson1\Lesson1_Assignment\GIS1DataPackage.gdb\DataPackage.gdb\ElementarySchoolZones,Address,0,75;Descrip "Descrip" true true false 50 Text 0 0,First,#,C:\Users\joseph.benjamin\Documents\GeoPlan\GEOG489\Lesson1\Lesson1_Assignment\GIS1DataPackage.gdb\DataPackage.gdb\ElementarySchoolZones,Descrip,0,50;Shape__Area "Shape__Area" true true false 8 Double 0 0,First,#,C:\Users\joseph.benjamin\Documents\GeoPlan\GEOG489\Lesson1\Lesson1_Assignment\GIS1DataPackage.gdb\DataPackage.gdb\ElementarySchoolZones,Shape__Area,-1,-1;Shape__Length "Shape__Length" true true false 8 Double 0 0,First,#,C:\Users\joseph.benjamin\Documents\GeoPlan\GEOG489\Lesson1\Lesson1_Assignment\GIS1DataPackage.gdb\DataPackage.gdb\ElementarySchoolZones,Shape__Length,-1,-1;Shape_Length "Shape_Length" false true true 8 Double 0 0,First,#,C:\Users\joseph.benjamin\Documents\GeoPlan\GEOG489\Lesson1\Lesson1_Assignment\GIS1DataPackage.gdb\DataPackage.gdb\ElementarySchoolZones,Shape_Length,-1,-1;Shape_Area "Shape_Area" false true true 8 Double 0 0,First,#,C:\Users\joseph.benjamin\Documents\GeoPlan\GEOG489\Lesson1\Lesson1_Assignment\GIS1DataPackage.gdb\DataPackage.gdb\ElementarySchoolZones,Shape_Area,-1,-1" #</Process><Process ToolSource="c:\program files\arcgis\pro\Resources\ArcToolbox\toolboxes\Data Management Tools.tbx\Project" Date="20230911" Time="123914">Project Elem_Zones C:\Users\joseph.benjamin\Documents\GeoPlan\GEOG489\Lesson1\L1_Proj\L1_Proj.gdb\Elem_Zones_NAD PROJCS["NAD_1983_HARN_Florida_GDL_Albers",GEOGCS["GCS_North_American_1983_HARN",DATUM["D_North_American_1983_HARN",SPHEROID["GRS_1980",6378137.0,298.257222101]],PRIMEM["Greenwich",0.0],UNIT["Degree",0.0174532925199433]],PROJECTION["Albers"],PARAMETER["False_Easting",400000.0],PARAMETER["False_Northing",0.0],PARAMETER["Central_Meridian",-84.0],PARAMETER["Standard_Parallel_1",24.0],PARAMETER["Standard_Parallel_2",31.5],PARAMETER["Latitude_Of_Origin",24.0],UNIT["Meter",1.0]] NAD_1983_HARN_To_WGS_1984_2 PROJCS["WGS_1984_Web_Mercator_Auxiliary_Sphere",GEOGCS["GCS_WGS_1984",DATUM["D_WGS_1984",SPHEROID["WGS_1984",6378137.0,298.257223563]],PRIMEM["Greenwich",0.0],UNIT["Degree",0.0174532925199433]],PROJECTION["Mercator_Auxiliary_Sphere"],PARAMETER["False_Easting",0.0],PARAMETER["False_Northing",0.0],PARAMETER["Central_Meridian",0.0],PARAMETER["Standard_Parallel_1",0.0],PARAMETER["Auxiliary_Sphere_Type",0.0],UNIT["Meter",1.0]] NO_PRESERVE_SHAPE # NO_VERTICAL</Process><Process ToolSource="c:\program files\arcgis\pro\Resources\ArcToolbox\toolboxes\Data Management Tools.tbx\CopyFeatures" Date="20230927" Time="171027">CopyFeatures C:\Users\joseph.benjamin\Documents\GeoPlan\GEOG489\Lesson1\L1_Proj\L1_Proj.gdb\Elem_Zones_NAD "C:\Users\joseph.benjamin\OneDrive - University of Florida\GIS\street_network\Lesson1_Assignment\Zones_FC\Elem_Zones_NAD.shp" # # # #</Process></lineage></DataProperties><SyncDate>20230927</SyncDate><SyncTime>17102700</SyncTime><ModDate>20230927</ModDate><ModTime>17102700</ModTime></Esri><dataIdInfo><envirDesc Sync="TRUE">Microsoft Windows 10 Version 10.0 (Build 19045) ; Esri ArcGIS 13.0.3.36057</envirDesc><dataLang><languageCode value="eng" Sync="TRUE"></languageCode><countryCode value="USA" Sync="TRUE"></countryCode></dataLang><idCitation><resTitle Sync="TRUE">Elem_Zones_NAD</resTitle><presForm><PresFormCd value="005" Sync="TRUE"></PresFormCd></presForm></idCitation><spatRpType><SpatRepTypCd value="001" Sync="TRUE"></SpatRepTypCd></spatRpType></dataIdInfo><mdLang><languageCode value="eng" Sync="TRUE"></languageCode><countryCode value="USA" Sync="TRUE"></countryCode></mdLang><mdChar><CharSetCd value="004" Sync="TRUE"></CharSetCd></mdChar><distInfo><distFormat><formatName Sync="TRUE">Shapefile</formatName></distFormat><distTranOps><transSize Sync="TRUE">0.000</transSize></distTranOps></distInfo><mdHrLv><ScopeCd value="005" Sync="TRUE"></ScopeCd></mdHrLv><mdHrLvName Sync="TRUE">dataset</mdHrLvName><refSysInfo><RefSystem><refSysID><identCode code="3087" Sync="TRUE"></identCode><idCodeSpace Sync="TRUE">EPSG</idCodeSpace><idVersion Sync="TRUE">6.12(9.2.0)</idVersion></refSysID></RefSystem></refSysInfo><spatRepInfo><VectSpatRep><geometObjs Name="Elem_Zones_NAD"><geoObjTyp><GeoObjTypCd value="002" Sync="TRUE"></GeoObjTypCd></geoObjTyp><geoObjCnt Sync="TRUE">0</geoObjCnt></geometObjs><topLvl><TopoLevCd value="001" Sync="TRUE"></TopoLevCd></topLvl></VectSpatRep></spatRepInfo><spdoinfo><ptvctinf><esriterm Name="Elem_Zones_NAD"><efeatyp Sync="TRUE">Simple</efeatyp><efeageom code="4" Sync="TRUE"></efeageom><esritopo Sync="TRUE">FALSE</esritopo><efeacnt Sync="TRUE">0</efeacnt><spindex Sync="TRUE">FALSE</spindex><linrefer Sync="TRUE">FALSE</linrefer></esriterm></ptvctinf></spdoinfo><eainfo><detailed Name="Elem_Zones_NAD"><enttyp><enttypl Sync="TRUE">Elem_Zones_NAD</enttypl><enttypt Sync="TRUE">Feature Class</enttypt><enttypc Sync="TRUE">0</enttypc></enttyp><attr><attrlabl Sync="TRUE">FID</attrlabl><attalias Sync="TRUE">FID</attalias><attrtype Sync="TRUE">OID</attrtype><attwidth Sync="TRUE">4</attwidth><atprecis Sync="TRUE">0</atprecis><attscale Sync="TRUE">0</attscale><attrdef Sync="TRUE">Internal feature number.</attrdef><attrdefs Sync="TRUE">Esri</attrdefs><attrdomv><udom Sync="TRUE">Sequential unique whole numbers that are automatically generated.</udom></attrdomv></attr><attr><attrlabl Sync="TRUE">Shape</attrlabl><attalias Sync="TRUE">Shape</attalias><attrtype Sync="TRUE">Geometry</attrtype><attwidth Sync="TRUE">0</attwidth><atprecis Sync="TRUE">0</atprecis><attscale Sync="TRUE">0</attscale><attrdef Sync="TRUE">Feature geometry.</attrdef><attrdefs Sync="TRUE">Esri</attrdefs><attrdomv><udom Sync="TRUE">Coordinates defining the features.</udom></attrdomv></attr><attr><attrlabl Sync="TRUE">code_elem</attrlabl><attalias Sync="TRUE">code_elem</attalias><attrtype Sync="TRUE">String</attrtype><attwidth Sync="TRUE">8</attwidth><atprecis Sync="TRUE">0</atprecis><attscale Sync="TRUE">0</attscale></attr><attr><attrlabl Sync="TRUE">link</attrlabl><attalias Sync="TRUE">link</attalias><attrtype Sync="TRUE">String</attrtype><attwidth Sync="TRUE">100</attwidth><atprecis Sync="TRUE">0</atprecis><attscale Sync="TRUE">0</attscale></attr><attr><attrlabl Sync="TRUE">Facility</attrlabl><attalias Sync="TRUE">Facility</attalias><attrtype Sync="TRUE">String</attrtype><attwidth Sync="TRUE">75</attwidth><atprecis Sync="TRUE">0</atprecis><attscale Sync="TRUE">0</attscale></attr><attr><attrlabl Sync="TRUE">Address</attrlabl><attalias Sync="TRUE">Address</attalias><attrtype Sync="TRUE">String</attrtype><attwidth Sync="TRUE">75</attwidth><atprecis Sync="TRUE">0</atprecis><attscale Sync="TRUE">0</attscale></attr><attr><attrlabl Sync="TRUE">Descrip</attrlabl><attalias Sync="TRUE">Descrip</attalias><attrtype Sync="TRUE">String</attrtype><attwidth Sync="TRUE">50</attwidth><atprecis Sync="TRUE">0</atprecis><attscale Sync="TRUE">0</attscale></attr><attr><attrlabl Sync="TRUE">Shape__Are</attrlabl><attalias Sync="TRUE">Shape__Are</attalias><attrtype Sync="TRUE">Double</attrtype><attwidth Sync="TRUE">19</attwidth><atprecis Sync="TRUE">0</atprecis><attscale Sync="TRUE">0</attscale></attr><attr><attrlabl Sync="TRUE">Shape__Len</attrlabl><attalias Sync="TRUE">Shape__Len</attalias><attrtype Sync="TRUE">Double</attrtype><attwidth Sync="TRUE">19</attwidth><atprecis Sync="TRUE">0</atprecis><attscale Sync="TRUE">0</attscale></attr><attr><attrlabl Sync="TRUE">Shape_Leng</attrlabl><attalias Sync="TRUE">Shape_Leng</attalias><attrtype Sync="TRUE">Double</attrtype><attwidth Sync="TRUE">19</attwidth><atprecis Sync="TRUE">0</atprecis><attscale Sync="TRUE">0</attscale></attr><attr><attrlabl Sync="TRUE">Shape_Le_1</attrlabl><attalias Sync="TRUE">Shape_Le_1</attalias><attrtype Sync="TRUE">Double</attrtype><attwidth Sync="TRUE">19</attwidth><atprecis Sync="TRUE">0</atprecis><attscale Sync="TRUE">0</attscale></attr><attr><attrlabl Sync="TRUE">Shape_Area</attrlabl><attalias Sync="TRUE">Shape_Area</attalias><attrtype Sync="TRUE">Double</attrtype><attwidth Sync="TRUE">19</attwidth><atprecis Sync="TRUE">0</atprecis><attscale Sync="TRUE">0</attscale><attrdef Sync="TRUE">Area of feature in internal units squared.</attrdef><attrdefs Sync="TRUE">Esri</attrdefs><attrdomv><udom Sync="TRUE">Positive real numbers that are automatically generated.</udom></attrdomv></attr></detailed></eainfo><mdDateSt Sync="TRUE">20230927</mdDateSt></metadata>
